VendorName,VendorCode,VendorHomepage,AffiliateVendorLink,ProductID,ProductName,ProductVersion,ProductShortDescription,ProductLongDescription,ProductCurrency,ProductPrice,ProductCommissionType,ProductCommission,ProductAffiliateBuyLink,ProductAffiliateTrialLink,ProductThumbnail,ProductSmallThumbnail,ProductPADlink,ProductCategory,ProductPlatforms,ProductDateAdded
Le VPN - VTNV Solutions Limited.,LEVPNVTN,https://www.le-vpn.com,https://secure.2checkout.com/affiliate.php?ACCOUNT=LEVPNVTN&AFFILIATE=139125&PATH=https%3A%2F%2Fwww.le-vpn.com,4623923,Le VPN Premium,Annual plan,"<p>
	<strong><a href=""https://www.le-vpn.com"">Le VPN</a> is a personal VPN service provider for individuals, protecting the Internet connection and online privacy of its clients from all over the world.</strong></p>
<p>
	A VPN or Virtual Private Network is an online service that not only increases the online security of its users, but also allows to unblock websites like Facebook or Netflix from anywhere in the word thanks to the change of IP address.</p>
<p>
	<strong><u>The main advantages of Le VPN service are:</u></strong></p>
<p>
	<strong>Virtual Geolocation</strong>: Reside in multiple countries in Europe, the Americas or Asia simply by changing your IP geolocation.<br />
	<strong>Global Reach</strong>: Access online media reserved for other countries.<br />
	<strong>Internet Freedom</strong>: Unblock restricted websites, bypass Internet censorship and content filters.<br />
	<strong>Online Privacy</strong>: Hide your internet identity and browse anonymously.<br />
	<strong>Internet Security</strong>: Safe Internet browsing, P2P and file-sharing.</p>
<p>
	<strong>Le VPN plans start from only US$4.95 per month with a 7 days Moneyback Guarantee!</strong></p>
<p>
	Subscribe now at <a href=""https://www.le-vpn.com"">www.le-vpn.com</a>&nbsp;and enjoy the Internet by Your Own Rules with Le VPN!</p>","<p>
	<strong><u>What is included in Le VPN plan:</u></strong></p>
<ul>
	<li>
		High-speed VPN connection &amp; unlimited bandwidth.</li>
	<li>
		&nbsp;800+ reliable VPN servers and IPs in 100+&nbsp;countries.</li>
	<li>
		&nbsp;Le&nbsp;VPN software for Windows and Mac; compatibility with Linux.</li>
	<li>
		&nbsp;Easy to use&nbsp;Le VPN apps for Android and iOS.</li>
	<li>
		&nbsp;Multi-Protocol support: OpenVPN, L2TP/IPSec,&nbsp;PPTP, IKEv2.</li>
	<li>
		&nbsp;Simultaneous use on two different devices.</li>
	<li>
		&nbsp;HybridVPN and SmartDNS services for streaming.</li>
	<li>
		&nbsp;Fast and responsible Support Team, assisting clients in 5&nbsp;languages.</li>
	<li>
		&nbsp;100% money-back guarantee for 7 days.</li>
</ul>
<p>
	<strong><u>Why entrust your online security to Le VPN:</u></strong></p>
<ul>
	<li>
		&nbsp;Le VPN&nbsp;is founded by a world-class team of information security specialists, who used to protect S&amp;P 500 and CAC40 companies, but since 2010 are&nbsp;dedicating&nbsp;their expertise to protecting individuals&nbsp;in Europe, US and all over the world.</li>
	<li>
		&nbsp;First class proprietary Le VPN software and apps, available in 5 languages: English, French, Spanish, Italian, and Russian.</li>
	<li>
		&nbsp;Guaranteed confidentiality: no traffic logs are kept.</li>
	<li>
		&nbsp;Extensive and growing network of 800+ VPN servers, currently with IPs in 114&nbsp;countries.</li>
	<li>
		&nbsp;Top Secret level encryption (AES-256), that guarantees the maximum security of your Internet connection.</li>
</ul>
<p>
	<strong>Le VPN plans start from only US$4.95 per month with a 7 days Moneyback Guarantee!</strong></p>
<p>
	Subscribe now at&nbsp;<a href=""https://www.le-vpn.com/"">www.le-vpn.com</a>&nbsp;and&nbsp;<strong>enjoy the Internet by Your Own Rules with Le VPN!</strong></p>",EUR,59.4,PERCENT,40,https://secure.2checkout.com/order/cart.php?PRODS=4623923&QTY=1&AFFILIATE=139125,,https://secure.2checkout.com/images/merchant/e21cece511f43a5cb18d4932429915ed/products/2_family+1920x1080+new.png,https://secure.2checkout.com/images/merchant/e21cece511f43a5cb18d4932429915ed/products/small_2_family+1920x1080+new.png,,Internet :: Online Privacy,Android::iPhone::Windows Phone::Linux::MacOS::Windows 10::Windows 7::Windows 8::Windows 9x::Windows NT::Windows Vista::Windows XP,2014-07-05
Movavi,MOVAVI,https://www.movavi.com,https://store.movavi.com/affiliate.php?ACCOUNT=MOVAVI&AFFILIATE=139125&PATH=https%3A%2F%2Fwww.movavi.com,26950463,Movavi Video Converter Premium 20 – Personal,,,,EUR,28.95,PERCENT,30,https://store.movavi.com/order/cart.php?PRODS=26950463&QTY=1&AFFILIATE=139125,,https://store.movavi.com/images/merchant/aff1621254f7c1be92f64550478c56e6/products/1_copy_4_vc_premium.png,https://store.movavi.com/images/merchant/aff1621254f7c1be92f64550478c56e6/products/small_1_copy_4_vc_premium.png,,,,2019-11-08
Movavi,MOVAVI,https://www.movavi.com,https://store.movavi.com/affiliate.php?ACCOUNT=MOVAVI&AFFILIATE=139125&PATH=https%3A%2F%2Fwww.movavi.com,4717920,Movavi Video Editor Plus 2022 – Personal,,"<p>Movavi Video Editor Plus includes all the functionality in the standard Video Editor, PLUS some exciting extra features. Use keyframe animation to make titles, stickers, and callouts move around the screen. Explore expanded built-in media collections &ndash; you&rsquo;ll find even more sample video clips, stickers, and music tracks to enhance your video projects.</p>","<p dir=""ltr"" style=""line-height: 1.275; margin-top: 12pt; margin-bottom: 0pt;""><span 2="""" data-sheets-userformat=""{"">Movavi Video Editor Plus includes all the functionality in the standard Video Editor, PLUS some exciting extra features. Use keyframe animation to make titles, stickers, and callouts move around the screen. Explore expanded built-in media collections &ndash; you&rsquo;ll find even more sample video clips, stickers, and music tracks to enhance your video projects.</span></p>",EUR,45.95,PERCENT,30,https://store.movavi.com/order/cart.php?PRODS=4717920&QTY=1&AFFILIATE=139125,https://store.movavi.com/affiliate.php?ACCOUNT=MOVAVI&AFFILIATE=139125&PATH=http%3A%2F%2Fwww.movavi.com%2Fdownload-videoeditorplus,https://store.movavi.com/images/merchant/aff1621254f7c1be92f64550478c56e6/products/4_VE_Plus_158x211.png,https://store.movavi.com/images/merchant/aff1621254f7c1be92f64550478c56e6/products/small_4_VE_Plus_158x211.png,,Audio & Video :: Video Tools,Windows 10::Windows 7::Windows 8::Windows Vista::Windows XP,2017-09-19
SEO PowerSuite,LINKASSI,https://www.link-assistant.com,https://secure.2checkout.com/affiliate.php?ACCOUNT=LINKASSI&AFFILIATE=139125&PATH=https%3A%2F%2Fwww.link-assistant.com,4940312,SEO PowerSuite Professional - Yearly,,,,EUR,299,PERCENT,33,https://secure.2checkout.com/order/cart.php?PRODS=4940312&QTY=1&AFFILIATE=139125,,https://secure.2checkout.com/images/merchant/333ac5d90817d69113471fbb6e531bee/products/3_4_sps-vertical-64x64.png,https://secure.2checkout.com/images/merchant/333ac5d90817d69113471fbb6e531bee/products/small_3_4_sps-vertical-64x64.png,,,,2018-06-13
SEO PowerSuite,LINKASSI,https://www.link-assistant.com,https://secure.2checkout.com/affiliate.php?ACCOUNT=LINKASSI&AFFILIATE=139125&PATH=https%3A%2F%2Fwww.link-assistant.com,4940344,SEO SpyGlass Enterprise - Yearly,,,,EUR,199,PERCENT,33,https://secure.2checkout.com/order/cart.php?PRODS=4940344&QTY=1&AFFILIATE=139125,,https://secure.2checkout.com/images/merchant/333ac5d90817d69113471fbb6e531bee/products/3_seo-spyglass-64x64.png,https://secure.2checkout.com/images/merchant/333ac5d90817d69113471fbb6e531bee/products/small_3_seo-spyglass-64x64.png,,,,2018-06-13